"Model","Variable","Estimate","Std.Error","t.stat","p.value","Significance"
"Base 0","(Intercept)",13.9735154091597,0.0119710646187019,1167.27424454209,0,"***"
"Base 0","female",-0.232616074543765,0.0174104318465177,-13.3607297391817,2.22844355304522e-40,"***"
"Base 1","(Intercept)",12.3696678815577,0.0744158908551239,166.223473769057,0,"***"
"Base 1","age",0.0821859015487101,0.00375761361991048,21.871834057986,1.10081093486699e-103,"***"
"Base 1","age_squared",-0.00100784338931078,4.40387242169244e-05,-22.8853902385178,4.27591186273636e-113,"***"
"Base 2","(Intercept)",12.0055131494221,0.0693934321138325,173.006476026842,0,"***"
"Base 2","age",0.0684378205319822,0.00341711821727584,20.0279347041559,1.46714100472838e-87,"***"
"Base 2","age_squared",-0.000778731653388687,4.00634512023565e-05,-19.4374580825649,1.13243498249826e-82,"***"
"Base 2","totalHoursWorked",0.0135047001952618,0.000519116397327991,26.0147825512226,1.54239437327881e-144,"***"
"Base 2","factor(relab)2",0.774012194982276,0.0400849177584108,19.3093122866609,1.24991711854919e-81,"***"
"Base 2","factor(relab)3",-0.696637943941342,0.0405549021330114,-17.1776507228773,3.17939042788728e-65,"***"
"Base 2","factor(relab)4",-0.47382115799121,0.0182808134747262,-25.9190412202544,1.59503830389528e-143,"***"
"Base 2","factor(relab)5",0.234544126034254,0.0454909703461225,5.15583915334631,2.57206160907043e-07,"***"
"Base 2","factor(relab)8",-0.629247062142274,0.77894239346085,-0.807822333749897,0.41921160732599,""
"Base 2","factor(relab)9",-0.983005495775881,0.348691708119872,-2.81912495446536,0.00482470837552788,"**"
"Base 3","(Intercept)",12.3936735008471,0.165800799613858,74.7503843751738,0,"***"
"Base 3","female",-0.134090459242653,0.0130610910068566,-10.2664057062508,1.31689739657835e-24,"***"
"Base 3","age",0.0472588960145559,0.00244856089080541,19.3006823689857,1.51472911599369e-81,"***"
"Base 3","age_squared",-0.00056534476681396,2.87610662216948e-05,-19.6565997399468,1.86335527791618e-84,"***"
"Base 3","totalHoursWorked",0.0105152717518913,0.000435036350547719,24.1710186715487,1.51088160690738e-125,"***"
"Base 3","formal",0.227887947970832,0.0162485242742558,14.0251473995026,2.82810369634909e-44,"***"
"Base 3","p6426",0.00103532303257523,7.33585996778027e-05,14.1131787837071,8.34168800859606e-45,"***"
"Base 3","factor(maxEducLevel)3",0.228157050563995,0.0727253186731678,3.13724373748498,0.00171031757831184,"**"
"Base 3","factor(maxEducLevel)4",0.261494862616056,0.0708503267395377,3.69080672806735,0.000224713587725771,"***"
"Base 3","factor(maxEducLevel)5",0.298270762683555,0.0706333938270223,4.22280095182748,2.43388022280767e-05,"***"
"Base 3","factor(maxEducLevel)6",0.344586743201691,0.0700192772745509,4.92131248156905,8.73163425190673e-07,"***"
"Base 3","factor(maxEducLevel)7",0.497805950281127,0.0710754125330627,7.00391221858275,2.64683060061764e-12,"***"
"Base 3","factor(relab)2",0.276780858231541,0.0305122924880434,9.07112627935123,1.39591244882897e-19,"***"
"Base 3","factor(relab)3",0.35932024704589,0.0495715915545793,7.24851141102201,4.52056245384802e-13,"***"
"Base 3","factor(relab)4",0.026490535444747,0.0200902015842182,1.31857987256616,0.187339339756813,""
"Base 3","factor(relab)5",0.306710494781661,0.0344381604447513,8.90612305711605,6.18902339074268e-19,"***"
"Base 3","factor(relab)8",-0.101359153019581,0.548415215506114,-0.184821919876967,0.853372404884757,""
"Base 3","factor(relab)9",-0.206053500484336,0.242355212363794,-0.850212786738142,0.395226836757389,""
"Base 3","factor(oficio)2",-0.376186838631837,0.144708826700894,-2.59961225039435,0.00934641911424299,"**"
"Base 3","factor(oficio)3",-0.884760909067254,0.142204649502946,-6.22174388924549,5.1104638267975e-10,"***"
"Base 3","factor(oficio)4",0.365924282937292,0.302329719210642,1.21034837029151,0.226173412226679,""
"Base 3","factor(oficio)5",-0.346102283205766,0.183331186619427,-1.88785274119363,0.0590742044259018,"."
"Base 3","factor(oficio)6",-0.353146609946848,0.149819065811805,-2.3571539979461,0.0184344775545325,"*"
"Base 3","factor(oficio)7",-0.597190146697359,0.157108945458527,-3.80112122167482,0.000144884909512414,"***"
"Base 3","factor(oficio)8",-0.222327396673963,0.147996866589739,-1.50224394473347,0.133065210023607,""
"Base 3","factor(oficio)9",-0.272802307503769,0.16427868034029,-1.66060688422065,0.0968232946039219,"."
"Base 3","factor(oficio)11",-0.38469380219506,0.145201984646459,-2.6493701386501,0.0080766805704371,"**"
"Base 3","factor(oficio)12",-0.241612649701246,0.146023322428412,-1.65461684943991,0.0980331439774091,"."
"Base 3","factor(oficio)13",-0.56741571361589,0.141830387288426,-4.00066392304205,6.36131977215895e-05,"***"
"Base 3","factor(oficio)14",-1.03420080323987,0.404076553995543,-2.55941799397566,0.010499112264743,"*"
"Base 3","factor(oficio)15",-0.485543568345744,0.166475472988096,-2.91660723126742,0.00354635737503333,"**"
"Base 3","factor(oficio)16",-0.705747503782015,0.148912947634446,-4.7393293531097,2.17338338422327e-06,"***"
"Base 3","factor(oficio)17",-0.574340058646111,0.164728683479889,-3.48658197536211,0.000491303528257288,"***"
"Base 3","factor(oficio)18",-0.826637396398633,0.162394101802626,-5.09031662617482,3.63869364573979e-07,"***"
"Base 3","factor(oficio)19",-0.633650140212247,0.14606831287748,-4.33803970025822,1.45148134555655e-05,"***"
"Base 3","factor(oficio)21",-0.337633134980659,0.141216566233079,-2.39088900110624,0.0168257318269184,"*"
"Base 3","factor(oficio)30",-0.53058675939561,0.152884971234902,-3.47049651191929,0.00052165554637698,"***"
"Base 3","factor(oficio)31",-0.171518828831962,0.213951211511499,-0.801672622558363,0.422761112528334,""
"Base 3","factor(oficio)32",-0.904090924704928,0.151721818612124,-5.95887218446961,2.62424454958758e-09,"***"
"Base 3","factor(oficio)33",-0.853062607395862,0.142162913065231,-6.00059881302825,2.0330668171057e-09,"***"
"Base 3","factor(oficio)34",-1.04482425323982,0.165955976499638,-6.29579166280941,3.18475721775855e-10,"***"
"Base 3","factor(oficio)35",-0.916330847749449,0.245654333313113,-3.73016358144795,0.000192397485345235,"***"
"Base 3","factor(oficio)36",-1.17508596409987,0.168511908347288,-6.97331111863097,3.28837355638018e-12,"***"
"Base 3","factor(oficio)37",-1.04361423659252,0.147153115166864,-7.09202951911084,1.40966898117223e-12,"***"
"Base 3","factor(oficio)38",-1.01981516535264,0.145367671760223,-7.01541926759872,2.43882873659706e-12,"***"
"Base 3","factor(oficio)39",-0.862630230872664,0.140408829980558,-6.14370357613628,8.36427963497913e-10,"***"
"Base 3","factor(oficio)40",-0.728010006720598,0.172106307350712,-4.2300018978217,2.35739557366875e-05,"***"
"Base 3","factor(oficio)41",-0.824498592478489,0.142428960661818,-5.78884089757679,7.2974508160279e-09,"***"
"Base 3","factor(oficio)42",-0.727389923182465,0.163792760819336,-4.44091618911522,9.05235073412871e-06,"***"
"Base 3","factor(oficio)43",-0.34373337403202,0.213257815838857,-1.6118207563926,0.107032023185105,""
"Base 3","factor(oficio)44",-0.661904505791661,0.145494440893068,-4.54934567759967,5.4437043442196e-06,"***"
"Base 3","factor(oficio)45",-0.965405984243911,0.140340732650138,-6.87901485202174,6.38191649757129e-12,"***"
"Base 3","factor(oficio)49",-0.426134474473307,0.404822954364305,-1.05264405063806,0.292529203736667,""
"Base 3","factor(oficio)50",-0.544802689012583,0.178786873808147,-3.04721860955632,0.00231562947520886,"**"
"Base 3","factor(oficio)51",-0.791667667707832,0.155862160689458,-5.07928071961713,3.85596064625351e-07,"***"
"Base 3","factor(oficio)52",-1.11791024887382,0.404233413384783,-2.76550678854868,0.0056937054532337,"**"
"Base 3","factor(oficio)53",-0.960611664894464,0.141798790005216,-6.77447011260908,1.31781020130514e-11,"***"
"Base 3","factor(oficio)54",-1.19523846647268,0.145575707914268,-8.21042523919287,2.47182811210192e-16,"***"
"Base 3","factor(oficio)55",-0.943506757704336,0.142063461737884,-6.64144563396017,3.26514686054425e-11,"***"
"Base 3","factor(oficio)56",-0.896622308459165,0.172710923351557,-5.19146265366245,2.12683622849411e-07,"***"
"Base 3","factor(oficio)57",-1.00078443256274,0.147299972443984,-6.79419293811017,1.15026152567276e-11,"***"
"Base 3","factor(oficio)58",-0.963874610560246,0.141705574396915,-6.80195267308572,1.09022653930494e-11,"***"
"Base 3","factor(oficio)59",-0.994962389103111,0.143005145249083,-6.95752860759037,3.67654075674232e-12,"***"
"Base 3","factor(oficio)61",-0.84350001330824,0.188882396182344,-4.46574180737277,8.06534413676962e-06,"***"
"Base 3","factor(oficio)62",-0.889054969526194,0.177262323522208,-5.01547622676181,5.37968630252974e-07,"***"
"Base 3","factor(oficio)63",-0.63777015583705,0.404688344888138,-1.57595385163202,0.115067585704606,""
"Base 3","factor(oficio)70",-0.631482325711509,0.164532467375427,-3.8380408182332,0.00012477186713845,"***"
"Base 3","factor(oficio)72",-1.26575229632947,0.340412918409344,-3.71828514101048,0.000201658976183818,"***"
"Base 3","factor(oficio)73",-0.674804149792842,0.555108359008908,-1.21562599236956,0.224155684253527,""
"Base 3","factor(oficio)74",-1.00270502283802,0.219625206246112,-4.56552797366253,5.04096260739438e-06,"***"
"Base 3","factor(oficio)75",-1.37770126662059,0.17743845179213,-7.76438958244839,8.99494546006426e-15,"***"
"Base 3","factor(oficio)76",-0.862262280507574,0.404342651179938,-2.13250389982692,0.0329893604895949,"*"
"Base 3","factor(oficio)77",-0.960293944626953,0.147484561733468,-6.51114891850432,7.81031568882172e-11,"***"
"Base 3","factor(oficio)79",-1.04642154126114,0.142879194446037,-7.32382027571097,2.59309407756588e-13,"***"
"Base 3","factor(oficio)80",-1.17841224443036,0.153040304719261,-7.70001240256319,1.48729829775407e-14,"***"
"Base 3","factor(oficio)81",-0.951415396955376,0.153007474620192,-6.21809751005339,5.23015710008922e-10,"***"
"Base 3","factor(oficio)82",-1.36477359132721,0.554784429791495,-2.46000701901481,0.0139099640319499,"*"
"Base 3","factor(oficio)83",-0.897290250127877,0.151698280455488,-5.91496652060707,3.42655626135672e-09,"***"
"Base 3","factor(oficio)84",-0.801015643297861,0.145802950304236,-5.49382328427815,4.02815257577388e-08,"***"
"Base 3","factor(oficio)85",-0.80907266091506,0.147770203174222,-5.47520842183019,4.47402616537707e-08,"***"
"Base 3","factor(oficio)86",-0.488771833587569,0.405728658439725,-1.20467663158722,0.228356232394777,""
"Base 3","factor(oficio)87",-0.869815913134094,0.14811987189263,-5.87237824351222,4.43060799933817e-09,"***"
"Base 3","factor(oficio)88",-1.86234463467228,0.302349990413026,-6.15956571431742,7.5708588020721e-10,"***"
"Base 3","factor(oficio)89",-0.904312729659837,0.213566712728962,-4.23433370352758,2.31249314758686e-05,"***"
"Base 3","factor(oficio)90",-0.979977358640301,0.163273672924272,-6.00205373645772,2.01499175987642e-09,"***"
"Base 3","factor(oficio)91",-0.855532769175232,0.235564458428866,-3.63184147082858,0.000282791927300193,"***"
"Base 3","factor(oficio)92",-0.871044737400378,0.170307261631544,-5.11454842885599,3.20230961153852e-07,"***"
"Base 3","factor(oficio)93",-0.890440643459941,0.153273179894881,-5.80950068414206,6.45429553664968e-09,"***"
"Base 3","factor(oficio)94",-1.48597348887465,0.186091963104238,-7.98515671545846,1.55534446568923e-15,"***"
"Base 3","factor(oficio)95",-0.824292177421853,0.142389962812825,-5.78897670270062,7.29157338693095e-09,"***"
"Base 3","factor(oficio)96",-0.253973217275404,0.404465197856622,-0.627923536119501,0.530068150443776,""
"Base 3","factor(oficio)97",-1.01186646794137,0.142698572770894,-7.09093614808569,1.42079724407659e-12,"***"
"Base 3","factor(oficio)98",-0.872306104969125,0.141425854658102,-6.16793942718558,7.18212619674492e-10,"***"
"Base 3","factor(oficio)99",-1.14153122480007,0.152763000765259,-7.47256350740438,8.51289675374533e-14,"***"
"Base 3","factor(sizeFirm)2",0.181215296805646,0.0227161593027855,7.97737392092622,1.65593700320136e-15,"***"
"Base 3","factor(sizeFirm)3",0.306234171779711,0.0293673386315612,10.427712760141,2.48699031314456e-25,"***"
"Base 3","factor(sizeFirm)4",0.382998298431003,0.0273459352195168,14.0056756280786,3.70129306174776e-44,"***"
"Base 3","factor(sizeFirm)5",0.499104795000628,0.025624573302863,19.4775846255697,5.49649657718971e-83,"***"
"Base 3","factor(estrato1)2",0.0232133746486215,0.0180568022387275,1.28557506150421,0.198620717306479,""
"Base 3","factor(estrato1)3",0.123252155292665,0.0192854636118346,6.39093556542923,1.72108041142423e-10,"***"
"Base 3","factor(estrato1)4",0.505531188721391,0.0291488303433759,17.3431037460573,2.00427729252718e-66,"***"
"Base 3","factor(estrato1)5",0.726160270862877,0.047598254272598,15.2560273892424,5.64611557113749e-52,"***"
"Base 3","factor(estrato1)6",1.09582071123472,0.0408694992338672,26.8126777126412,4.50968368966784e-153,"***"
"Base 3","factor(p6240)2",-0.683423625393531,0.0605539728681814,-11.2861897084979,2.29596778858712e-29,"***"
"Base 3","factor(p6240)3",-0.664613697246145,0.0523785261115034,-12.6886674098335,1.29507731660666e-36,"***"
"Base 3","factor(p6240)4",-0.561966342837607,0.026962984372648,-20.8421417700216,1.67881680646567e-94,"***"
"Base 3","factor(p6240)6",-0.203846273838463,0.023571764829676,-8.64790037196653,6.03775621873839e-18,"***"
"Alt 1","(Intercept)",12.0961482061413,0.20185211453262,59.9257938622509,0,"***"
"Alt 1","age",0.0665374264996531,0.00903168295375078,7.36711273417992,1.8792390875688e-13,"***"
"Alt 1","age_squared",-0.00104785442546253,0.000209412938223516,-5.00377118219942,5.71615864406555e-07,"***"
"Alt 1","age_cubed",3.73156318122058e-06,1.53545024045919e-06,2.43027294723964,0.0151046595792035,"*"
"Alt 1","totalHoursWorked",0.0107556504660648,0.000436505328217771,24.6403646662908,2.96667651073324e-130,"***"
"Alt 1","formal",0.225645659827307,0.0163547174393359,13.796976967917,6.47333300904515e-43,"***"
"Alt 1","p6426",0.00105441861028483,7.36918325496416e-05,14.308486759025,5.41479241113079e-46,"***"
"Alt 1","factor(p6240)2",-0.67118182202199,0.0608374269335085,-11.032383449674,3.85230530757917e-28,"***"
"Alt 1","factor(p6240)3",-0.64689194566657,0.0528686674378178,-12.2358284597852,3.48025010348321e-34,"***"
"Alt 1","factor(p6240)4",-0.594674804118979,0.02691050031311,-22.098244075725,9.93892195262864e-106,"***"
"Alt 1","factor(p6240)6",-0.207383797919755,0.0236869336313642,-8.75519816736242,2.36162792845613e-18,"***"
"Alt 1","factor(maxEducLevel)3",0.232600711565864,0.073116513968184,3.18123360841681,0.00147090546887899,"**"
"Alt 1","factor(maxEducLevel)4",0.270185618718122,0.0712692506541374,3.79105457456408,0.000150877235859705,"***"
"Alt 1","factor(maxEducLevel)5",0.307796466756532,0.0710836052053594,4.33006268980467,1.50497008626185e-05,"***"
"Alt 1","factor(maxEducLevel)6",0.347933234660305,0.0704306468169743,4.94008290970928,7.93344633515382e-07,"***"
"Alt 1","factor(maxEducLevel)7",0.496208782116839,0.0714785127259031,6.94206920644304,4.10019120695964e-12,"***"
"Alt 1","factor(relab)2",0.279191146199675,0.0306635116062971,9.10499585906331,1.02491631908194e-19,"***"
"Alt 1","factor(relab)3",0.35735870716375,0.0498135118949519,7.17393119997959,7.79620104139593e-13,"***"
"Alt 1","factor(relab)4",0.0325275613621512,0.0201801664988243,1.61185792813188,0.107023932139185,""
"Alt 1","factor(relab)5",0.316425072296564,0.0346017190511501,9.14477895820167,7.11998964752945e-20,"***"
"Alt 1","factor(relab)8",-0.0483615144478346,0.55114705313179,-0.0877470253592563,0.930079472898367,""
"Alt 1","factor(relab)9",-0.26553934608939,0.243494666146745,-1.09053454965358,0.275503615212611,""
"Alt 1","factor(oficio)2",-0.365273425756318,0.145413925446902,-2.51195629740218,0.0120217774214787,"*"
"Alt 1","factor(oficio)3",-0.865314843921665,0.142890890969924,-6.0557733110069,1.44694522357938e-09,"***"
"Alt 1","factor(oficio)4",0.422483967560635,0.303767600702002,1.3908131301175,0.164312571574789,""
"Alt 1","factor(oficio)5",-0.350825213656197,0.184226756270023,-1.90431195098495,0.0568977971253791,"."
"Alt 1","factor(oficio)6",-0.392928379438898,0.150500330971606,-2.61081405537261,0.00904597069842034,"**"
"Alt 1","factor(oficio)7",-0.661223696439326,0.157753991905733,-4.19148630377889,2.79480846623e-05,"***"
"Alt 1","factor(oficio)8",-0.213602490406376,0.148724165746927,-1.43623256740836,0.150966975628213,""
"Alt 1","factor(oficio)9",-0.283321444841649,0.165080743280043,-1.71625980845641,0.0861449960006269,"."
"Alt 1","factor(oficio)11",-0.41507996813937,0.14588294889462,-2.84529460971622,0.00444591561399388,"**"
"Alt 1","factor(oficio)12",-0.260965981863364,0.146725915276167,-1.77859501760255,0.0753360877715362,"."
"Alt 1","factor(oficio)13",-0.598098175011564,0.142495784220747,-4.19730435031693,2.72411408656355e-05,"***"
"Alt 1","factor(oficio)14",-0.981743861492003,0.406025837649477,-2.41793445258414,0.0156263713777733,"*"
"Alt 1","factor(oficio)15",-0.512156472323117,0.167275566735421,-3.06175302417711,0.00220620087471539,"**"
"Alt 1","factor(oficio)16",-0.716280101256065,0.149637364501223,-4.78677303388493,1.71876015499832e-06,"***"
"Alt 1","factor(oficio)17",-0.556397393051997,0.16552358403896,-3.36143877189752,0.000778235973675216,"***"
"Alt 1","factor(oficio)18",-0.819239720002365,0.163186306099409,-5.02027247006439,5.24740290464278e-07,"***"
"Alt 1","factor(oficio)19",-0.664864210936876,0.14675416530517,-4.53046228401298,5.95264569089092e-06,"***"
"Alt 1","factor(oficio)21",-0.355010632728834,0.141898220327141,-2.50186811300642,0.0123695972827863,"*"
"Alt 1","factor(oficio)30",-0.545571006028908,0.153629305467686,-3.55121703094377,0.000385190227549582,"***"
"Alt 1","factor(oficio)31",-0.185260416308257,0.214999032607587,-0.86168023205198,0.388883850495923,""
"Alt 1","factor(oficio)32",-0.981392574672736,0.152270645002298,-6.44505429564525,1.2080291226447e-10,"***"
"Alt 1","factor(oficio)33",-0.892821882656957,0.142801995265932,-6.25216672214071,4.21071543855171e-10,"***"
"Alt 1","factor(oficio)34",-1.07191552423056,0.166744470585406,-6.42849217408696,1.34664308160434e-10,"***"
"Alt 1","factor(oficio)35",-0.925587539194731,0.246864973872282,-3.74936761856541,0.000178265255391437,"***"
"Alt 1","factor(oficio)36",-1.23024602780641,0.169248361224597,-7.26887999922101,3.89173899794689e-13,"***"
"Alt 1","factor(oficio)37",-1.00862847227405,0.147836376362152,-6.82260007376827,9.45038870204871e-12,"***"
"Alt 1","factor(oficio)38",-1.05172018138319,0.146042666836845,-7.201458342021,6.37960715262056e-13,"***"
"Alt 1","factor(oficio)39",-0.886776490782835,0.141073695215852,-6.28590956964734,3.39327464833294e-10,"***"
"Alt 1","factor(oficio)40",-0.746454542738937,0.172938151940112,-4.31630923752113,1.60163386393524e-05,"***"
"Alt 1","factor(oficio)41",-0.842906946664749,0.143112773476176,-5.88980931744059,3.98910901109196e-09,"***"
"Alt 1","factor(oficio)42",-0.747774261217126,0.164581478847858,-4.54348974411866,5.59689867294923e-06,"***"
"Alt 1","factor(oficio)43",-0.403496008569434,0.214223804360739,-1.88352554830915,0.0596577279141819,"."
"Alt 1","factor(oficio)44",-0.678549841873239,0.146195624358404,-4.64138270109745,3.50420875210729e-06,"***"
"Alt 1","factor(oficio)45",-0.993224296598216,0.140999015506192,-7.04419313165061,1.98635315753255e-12,"***"
"Alt 1","factor(oficio)49",-0.479124898665246,0.406837939225778,-1.17767998622998,0.238951804543035,""
"Alt 1","factor(oficio)50",-0.577106417240754,0.179634452005978,-3.21267112625783,0.00131917058358286,"**"
"Alt 1","factor(oficio)51",-0.808366077655947,0.156618295468173,-5.16137706159762,2.49774574519068e-07,"***"
"Alt 1","factor(oficio)52",-1.13348298676259,0.406204439741687,-2.79042490890398,0.00527370892263484,"**"
"Alt 1","factor(oficio)53",-1.00251183370951,0.142429142137634,-7.03867072892107,2.06627754034258e-12,"***"
"Alt 1","factor(oficio)54",-1.27041301077013,0.146093113799892,-8.69591302236361,3.97241417596239e-18,"***"
"Alt 1","factor(oficio)55",-1.00994831993428,0.142602489880317,-7.08226287480611,1.51218121681465e-12,"***"
"Alt 1","factor(oficio)56",-0.943239245324068,0.173503856904642,-5.43641658549684,5.56216778336027e-08,"***"
"Alt 1","factor(oficio)57",-1.06154828024154,0.147903338956574,-7.17731112583755,7.6068862398358e-13,"***"
"Alt 1","factor(oficio)58",-0.934117293008472,0.142367909802645,-6.56129105430695,5.59437700564812e-11,"***"
"Alt 1","factor(oficio)59",-1.03368614386006,0.143652911478349,-7.19572010913167,6.65234178982651e-13,"***"
"Alt 1","factor(oficio)61",-0.834202403908688,0.189860458375312,-4.39376587967387,1.12534082191775e-05,"***"
"Alt 1","factor(oficio)62",-0.865612378272686,0.178126641132414,-4.85953349128283,1.19422929091715e-06,"***"
"Alt 1","factor(oficio)63",-0.584744044990784,0.406656058316024,-1.43793270266827,0.150483960819887,""
"Alt 1","factor(oficio)70",-0.634402562079411,0.165336417733502,-3.83704068816813,0.00012528016858407,"***"
"Alt 1","factor(oficio)72",-1.21920438684648,0.342065907003446,-3.56423824147491,0.000366589404533106,"***"
"Alt 1","factor(oficio)73",-0.63399844178548,0.557805553940041,-1.13659399284796,0.255734869817364,""
"Alt 1","factor(oficio)74",-0.995804780139934,0.220697575730793,-4.51207847137667,6.49167076174644e-06,"***"
"Alt 1","factor(oficio)75",-1.41172910974078,0.178277324015498,-7.91872503997227,2.65049415806801e-15,"***"
"Alt 1","factor(oficio)76",-0.874710691222085,0.406335858707887,-2.15267905225886,0.0313673925300255,"*"
"Alt 1","factor(oficio)77",-0.953521837026695,0.148203981632106,-6.43384763706057,1.30020174459884e-10,"***"
"Alt 1","factor(oficio)79",-1.09064821612781,0.143510631909625,-7.59977293399863,3.22845528504335e-14,"***"
"Alt 1","factor(oficio)80",-1.19268900272831,0.153781759567216,-7.75572477571371,9.62709525282261e-15,"***"
"Alt 1","factor(oficio)81",-0.928389640918846,0.153748603482871,-6.03836145427023,1.61139000406208e-09,"***"
"Alt 1","factor(oficio)82",-1.30148014065921,0.557566753144423,-2.33421403503608,0.0196039123739277,"*"
"Alt 1","factor(oficio)83",-0.857834954429327,0.15239338432461,-5.62908264181646,1.85980367664544e-08,"***"
"Alt 1","factor(oficio)84",-0.762888693733579,0.146471802558749,-5.20843384464794,1.94171457675925e-07,"***"
"Alt 1","factor(oficio)85",-0.765134267345082,0.148429761057863,-5.1548575022418,2.58599202078026e-07,"***"
"Alt 1","factor(oficio)86",-0.455972131422489,0.407698390402028,-1.11840552270236,0.263420289621314,""
"Alt 1","factor(oficio)87",-0.8273766880572,0.148786009213687,-5.56085005861618,2.75257655779271e-08,"***"
"Alt 1","factor(oficio)88",-1.88055542132787,0.303820997160324,-6.18968221059298,6.26145289180638e-10,"***"
"Alt 1","factor(oficio)89",-0.87766021785935,0.214605591412568,-4.08964282842051,4.35370782900328e-05,"***"
"Alt 1","factor(oficio)90",-0.976620344082094,0.164070684911943,-5.95243656480282,2.72920693214748e-09,"***"
"Alt 1","factor(oficio)91",-0.79907044082663,0.236664993968745,-3.37637783867672,0.000737224432429233,"***"
"Alt 1","factor(oficio)92",-0.859123327378873,0.171152247354255,-5.01964385895934,5.26456005125258e-07,"***"
"Alt 1","factor(oficio)93",-0.855080012068632,0.153981234875627,-5.55314426955528,2.87638176928116e-08,"***"
"Alt 1","factor(oficio)94",-1.53237618821926,0.186942308845882,-8.19705393433742,2.76075603397784e-16,"***"
"Alt 1","factor(oficio)95",-0.781474589193908,0.143025042184688,-5.46390042790403,4.76786510279723e-08,"***"
"Alt 1","factor(oficio)96",-0.196548427185117,0.406424492565539,-0.483603795490798,0.628677506812288,""
"Alt 1","factor(oficio)97",-1.00016723889873,0.143390595684467,-6.97512437356496,3.24643769169623e-12,"***"
"Alt 1","factor(oficio)98",-0.832985295873521,0.142064761641582,-5.86341951549588,4.67566643014333e-09,"***"
"Alt 1","factor(oficio)99",-1.12493525241266,0.153506189112791,-7.32827294400554,2.50883626429619e-13,"***"
"Alt 1","factor(sizeFirm)2",0.182632439867286,0.0228290407641409,8.00000498287074,1.3798444695842e-15,"***"
"Alt 1","factor(sizeFirm)3",0.310150065353485,0.0295082570992233,10.510619597443,1.04569181020709e-25,"***"
"Alt 1","factor(sizeFirm)4",0.38290214306824,0.0274797484395271,13.9339755569767,9.93853507276457e-44,"***"
"Alt 1","factor(sizeFirm)5",0.496401695013987,0.025748707110083,19.2787036992471,2.28258255324666e-81,"***"
"Alt 1","factor(estrato1)2",0.0215062897810148,0.0181444024724123,1.18528509349999,0.23593247813344,""
"Alt 1","factor(estrato1)3",0.123350139264037,0.0193814841883067,6.36432886488933,2.04609830855282e-10,"***"
"Alt 1","factor(estrato1)4",0.511352206545963,0.029303240190177,17.4503639606851,3.25418297226342e-67,"***"
"Alt 1","factor(estrato1)5",0.730222614824632,0.04784834182078,15.26118956347,5.22595516625194e-52,"***"
"Alt 1","factor(estrato1)6",1.09227629265541,0.041078446715054,26.5900096036281,1.17558799608628e-150,"***"
"Alt 2","(Intercept)",11.3611346820372,0.0935737552683807,121.41368751796,0,"***"
"Alt 2","age",0.0558092327011589,0.00258946785735683,21.5523944591942,8.59329602761854e-101,"***"
"Alt 2","age_squared",-0.000634586159242689,2.98401028045645e-05,-21.2662189335896,3.06487179963939e-98,"***"
"Alt 2","female",0.0280966918520023,0.034733360076177,0.808925246229584,0.418576960299813,""
"Alt 2","totalHoursWorked",0.0101880072091993,0.000438674009343131,23.2245516994609,2.54150430103724e-116,"***"
"Alt 2","formal",-0.136332151915849,0.0542739465611609,-2.51192626580449,0.0120226900430697,"*"
"Alt 2","p6426",0.00104767666016094,7.57176283882234e-05,13.8366280410849,3.74646806197478e-43,"***"
"Alt 2","factor(p6240)2",-0.690602181783629,0.0630071767821847,-10.9606907824332,8.42807085351582e-28,"***"
"Alt 2","factor(p6240)3",-0.704854968196505,0.0547144133067351,-12.8824367401147,1.10896478838911e-37,"***"
"Alt 2","factor(p6240)4",-0.594151077060992,0.0280184584734187,-21.2057018634579,1.05233349932591e-97,"***"
"Alt 2","factor(p6240)6",-0.213528016343644,0.0245337128151425,-8.7034529976177,3.71508175309937e-18,"***"
"Alt 2","factor(maxEducLevel)3",0.173037970150123,0.0762249434312612,2.27009640625271,0.0232224464887517,"*"
"Alt 2","factor(maxEducLevel)4",0.0957649958174263,0.0760586766830525,1.25909363656816,0.20802524424574,""
"Alt 2","factor(maxEducLevel)5",-0.00672261723034998,0.0798515083258686,-0.0841889824161548,0.93290782534606,""
"Alt 2","factor(maxEducLevel)6",-0.110184092537472,0.0854477813812418,-1.28949038531339,0.197256812287786,""
"Alt 2","factor(maxEducLevel)7",-0.0127814645607649,0.0964949903841449,-0.132457286226799,0.894625211245909,""
"Alt 2","factor(relab)2",0.324930961081601,0.0301452433823022,10.7788468303548,6.04528975387625e-27,"***"
"Alt 2","factor(relab)3",0.179047840012003,0.0359987968318604,4.97371733972892,6.67485392525394e-07,"***"
"Alt 2","factor(relab)4",0.0470651877459823,0.019989915717893,2.35444653245107,0.0185691085633673,"*"
"Alt 2","factor(relab)5",0.382382418669738,0.0349219681806489,10.9496239356184,9.51037469232258e-28,"***"
"Alt 2","factor(relab)8",0.0306681956585486,0.561553331865988,0.0546131487754531,0.956447729743582,""
"Alt 2","factor(relab)9",-0.09646029880953,0.252461361040807,-0.382079453314594,0.70241036894994,""
"Alt 2","factor(sizeFirm)2",0.205480929802004,0.023065804385745,8.90846581223044,6.05384847028049e-19,"***"
"Alt 2","factor(sizeFirm)3",0.339763766847263,0.0297862260742472,11.4067410218517,5.86926302472104e-30,"***"
"Alt 2","factor(sizeFirm)4",0.416970289384066,0.0277560243382498,15.0226950482044,1.79769909892918e-50,"***"
"Alt 2","factor(sizeFirm)5",0.522697440694921,0.0259482424586547,20.1438475660837,1.56720852576297e-88,"***"
"Alt 2","factor(estrato1)2",-0.185544978508208,0.0317317433206653,-5.84729860673527,5.14916371830809e-09,"***"
"Alt 2","factor(estrato1)3",-0.316700505781708,0.0595785531964032,-5.31567970000365,1.0849742540904e-07,"***"
"Alt 2","factor(estrato1)4",-0.110745365753361,0.0981728258061154,-1.12806537699216,0.259318767669588,""
"Alt 2","factor(estrato1)5",-0.148499781398048,0.134087919166125,-1.10748069118791,0.268112197290026,""
"Alt 2","factor(estrato1)6",-0.063196711556894,0.168578072529682,-0.374880971223389,0.707756763427531,""
"Alt 2","age_female_int",-0.0052801384336246,0.000856752406420945,-6.16296889749304,7.40849200148503e-10,"***"
"Alt 2","formal_edu_int",0.084907614922586,0.0108273122422613,7.84198451312541,4.8769550158331e-15,"***"
"Alt 2","edu_estrato_int",0.052816542368715,0.00609872246087609,8.66026331047827,5.41644084133135e-18,"***"
"Alt 3","(Intercept)",11.9959085402325,0.205711357009736,58.314274499024,0,"***"
"Alt 3","age",0.0943465335953725,0.0146336621124415,6.44722646118494,1.19092283021154e-10,"***"
"Alt 3","age_squared",-0.000540942691582283,2.97037918070007e-05,-18.2112336060338,6.04768930872086e-73,"***"
"Alt 3","female",-0.133698056210396,0.0130554426444234,-10.2407907454218,1.71204213654643e-24,"***"
"Alt 3","totalHoursWorked",0.0104805472199818,0.000434959921368657,24.0954320274002,8.51321917225608e-125,"***"
"Alt 3","formal",0.22523519587692,0.0162611349107456,13.8511362898836,3.09287221439088e-43,"***"
"Alt 3","p6426",0.00103636692653286,7.33244632918764e-05,14.1339858487266,6.24462346674906e-45,"***"
"Alt 3","factor(p6240)2",-0.688769665734658,0.0605473801407182,-11.3757137655484,8.36760297202862e-30,"***"
"Alt 3","factor(p6240)3",-0.629522638264369,0.0534462993870982,-11.7786010534592,8.10252929152267e-32,"***"
"Alt 3","factor(p6240)4",-0.564043010386112,0.0269576913578811,-20.9232683503224,3.29700867889974e-95,"***"
"Alt 3","factor(p6240)6",-0.205087381236032,0.0235636405294883,-8.70355244892563,3.71570702848904e-18,"***"
"Alt 3","potExp",-0.0494070641168002,0.015138221253338,-3.26372981937397,0.00110319629138155,"**"
"Alt 3","factor(maxEducLevel)3",0.130989420394094,0.0785513833140396,1.66756350897619,0.0954332407815524,"."
"Alt 3","factor(maxEducLevel)4",0.0169889044937723,0.103089412520963,0.164797762236909,0.869106445528903,""
"Alt 3","factor(maxEducLevel)5",-0.0959362250718202,0.139904116395301,-0.68572839415783,0.492900051811066,""
"Alt 3","factor(maxEducLevel)6",-0.149211553579684,0.166701412944755,-0.895082716720183,0.370764086909469,""
"Alt 3","factor(maxEducLevel)7",-0.135671776257786,0.206688831353595,-0.656405938188717,0.511577843856693,""
"Alt 3","factor(relab)2",0.276020381077115,0.0304986939692882,9.0502360971609,1.68802695033006e-19,"***"
"Alt 3","factor(relab)3",0.359395502353586,0.0495480580816248,7.25347301727794,4.35879290959506e-13,"***"
"Alt 3","factor(relab)4",0.0249999152211094,0.0200858551225399,1.24465277025,0.213288137421843,""
"Alt 3","factor(relab)5",0.306505808741908,0.0344218647780796,8.90439291183017,6.28564799414439e-19,"***"
"Alt 3","factor(relab)8",-0.116587116325668,0.548174660132173,-0.212682425520284,0.831578944473106,""
"Alt 3","factor(relab)9",-0.206074110495316,0.242240131208023,-0.850701778717045,0.394955092519477,""
"Alt 3","factor(oficio)2",-0.378560549384101,0.144641940937158,-2.61722531467254,0.0088779208950384,"**"
"Alt 3","factor(oficio)3",-0.878354908522789,0.142150675789298,-6.17904138440205,6.69666664666399e-10,"***"
"Alt 3","factor(oficio)4",0.364984241486683,0.302186296624094,1.20781202047923,0.227147704582364,""
"Alt 3","factor(oficio)5",-0.347224433845165,0.183244455225865,-1.89487007078703,0.0581379949791976,"."
"Alt 3","factor(oficio)6",-0.354646637289852,0.149748630236617,-2.36827967460856,0.0178896377208385,"*"
"Alt 3","factor(oficio)7",-0.598946579195784,0.157035265176193,-3.8140896474672,0.0001374953604987,"***"
"Alt 3","factor(oficio)8",-0.224933676346052,0.147928746401942,-1.52055419799798,0.128402881949208,""
"Alt 3","factor(oficio)9",-0.275331306865571,0.164202501737873,-1.67677900124262,0.0936164841713183,"."
"Alt 3","factor(oficio)11",-0.386848029223757,0.145134537078499,-2.66544433193405,0.00770083089885105,"**"
"Alt 3","factor(oficio)12",-0.243423087019778,0.145955038059785,-1.66779502959033,0.0953872551337462,"."
"Alt 3","factor(oficio)13",-0.568915537299323,0.141763784624159,-4.01312323036252,6.03508666097116e-05,"***"
"Alt 3","factor(oficio)14",-1.0304190011899,0.403886342326402,-2.55125983031426,0.010747956902259,"*"
"Alt 3","factor(oficio)15",-0.486213885391977,0.166396549641973,-2.92201903487867,0.00348536850302029,"**"
"Alt 3","factor(oficio)16",-0.704106151878146,0.148843086624376,-4.73052640768627,2.26957690933014e-06,"***"
"Alt 3","factor(oficio)17",-0.570011348961163,0.16465580464674,-3.4618357377931,0.000538713148186553,"***"
"Alt 3","factor(oficio)18",-0.825390188894435,0.162317439559836,-5.0850370184047,3.74112451988675e-07,"***"
"Alt 3","factor(oficio)19",-0.633908760976519,0.145998974526851,-4.341871324993,1.42643960636146e-05,"***"
"Alt 3","factor(oficio)21",-0.337045902046906,0.14114962488639,-2.3878625417403,0.016964848107064,"*"
"Alt 3","factor(oficio)30",-0.528922806588302,0.152813225001558,-3.46123711859958,0.000539911125778669,"***"
"Alt 3","factor(oficio)31",-0.17132843497889,0.213849625737068,-0.801163127540572,0.423055958647569,""
"Alt 3","factor(oficio)32",-0.902158356715319,0.151650930243177,-5.94891409679243,2.78838586517545e-09,"***"
"Alt 3","factor(oficio)33",-0.847099260720785,0.142107154583769,-5.96098953076593,2.59058741380105e-09,"***"
"Alt 3","factor(oficio)34",-1.03560366057152,0.165901230064127,-6.24229042889687,4.48438931903532e-10,"***"
"Alt 3","factor(oficio)35",-0.917781123456832,0.245538087593786,-3.73783608258444,0.000186629551878258,"***"
"Alt 3","factor(oficio)36",-1.17207604177288,0.168434416042612,-6.95864936223223,3.6475751790645e-12,"***"
"Alt 3","factor(oficio)37",-1.03319515319949,0.147117880870783,-7.02290671320209,2.31220128881864e-12,"***"
"Alt 3","factor(oficio)38",-1.01219518094854,0.145317401463481,-6.96540930924162,3.47742933009353e-12,"***"
"Alt 3","factor(oficio)39",-0.860025425710204,0.140344426849441,-6.12796279137484,9.2316223306923e-10,"***"
"Alt 3","factor(oficio)40",-0.721281265384993,0.172036937350216,-4.19259536059213,2.78120157987416e-05,"***"
"Alt 3","factor(oficio)41",-0.819880867163748,0.142368359579467,-5.75886994543972,8.71382361123963e-09,"***"
"Alt 3","factor(oficio)42",-0.729646707704944,0.163716444857765,-4.45677102467532,8.40950569607818e-06,"***"
"Alt 3","factor(oficio)43",-0.346945901476543,0.213158824022415,-1.62764034314648,0.10363219251045,""
"Alt 3","factor(oficio)44",-0.658198806213694,0.145429785901428,-4.52588719796245,6.08264546795281e-06,"***"
"Alt 3","factor(oficio)45",-0.961497827206786,0.140279203443794,-6.8541722764489,7.58923983449336e-12,"***"
"Alt 3","factor(oficio)49",-0.43203990409489,0.404634771685361,-1.06772807066329,0.285668573744531,""
"Alt 3","factor(oficio)50",-0.542771451466347,0.178703061456165,-3.03728121411891,0.0023932859937926,"**"
"Alt 3","factor(oficio)51",-0.788327900599178,0.155791511011701,-5.06014670170295,4.26267528115548e-07,"***"
"Alt 3","factor(oficio)52",-1.10921049046101,0.404050257802934,-2.74522901307492,0.00605750348278028,"**"
"Alt 3","factor(oficio)53",-0.95657366268504,0.141736857593437,-6.74894081135136,1.57056239249775e-11,"***"
"Alt 3","factor(oficio)54",-1.19114410457992,0.145511989804796,-8.18588286901884,3.0275065991574e-16,"***"
"Alt 3","factor(oficio)55",-0.937636250996709,0.142007395548798,-6.60272831124847,4.23836603876228e-11,"***"
"Alt 3","factor(oficio)56",-0.891821560954501,0.17263517906386,-5.16593179785567,2.43783298788455e-07,"***"
"Alt 3","factor(oficio)57",-0.996451248618745,0.147236013933482,-6.76771410742563,1.3805341950274e-11,"***"
"Alt 3","factor(oficio)58",-0.960182441941497,0.141642803864952,-6.77890027407941,1.27821560963002e-11,"***"
"Alt 3","factor(oficio)59",-0.992698670422378,0.142938922748789,-6.94491501217631,4.01878862600122e-12,"***"
"Alt 3","factor(oficio)61",-0.843903228673032,0.188792746683892,-4.46999815139103,7.90681320501263e-06,"***"
"Alt 3","factor(oficio)62",-0.885656936252042,0.177181210362107,-4.99859400690408,5.87138094801745e-07,"***"
"Alt 3","factor(oficio)63",-0.631064937112236,0.404501397875664,-1.56010570155363,0.118766065867796,""
"Alt 3","factor(oficio)70",-0.623112991744864,0.164474331692812,-3.78851207560248,0.00015242728034173,"***"
"Alt 3","factor(oficio)72",-1.25938757635699,0.340256863449472,-3.70128485753236,0.000215645012100135,"***"
"Alt 3","factor(oficio)73",-0.666774607161635,0.554850222835951,-1.20171999526938,0.229500055298981,""
"Alt 3","factor(oficio)74",-1.00087651505895,0.219521633166951,-4.55935253678513,5.1911738165987e-06,"***"
"Alt 3","factor(oficio)75",-1.37454637998552,0.177356830269049,-7.75017448101854,1.00548803088426e-14,"***"
"Alt 3","factor(oficio)76",-0.854810893072534,0.404157099619906,-2.11504608944504,0.0344503089749294,"*"
"Alt 3","factor(oficio)77",-0.956072263890732,0.147420204351813,-6.48535435216941,9.26421830694825e-11,"***"
"Alt 3","factor(oficio)79",-1.04168840418376,0.142818712116786,-7.29378096710426,3.23881906456659e-13,"***"
"Alt 3","factor(oficio)80",-1.17567236309234,0.152969937821642,-7.68564320437351,1.66307449204761e-14,"***"
"Alt 3","factor(oficio)81",-0.947673405893582,0.152939117422509,-6.19640953776098,6.00071306722243e-10,"***"
"Alt 3","factor(oficio)82",-1.37524034349262,0.554530266506057,-2.48000952618444,0.0131539764343726,"*"
"Alt 3","factor(oficio)83",-0.893140326539339,0.151631578618935,-5.89020001423246,3.97973350248755e-09,"***"
"Alt 3","factor(oficio)84",-0.796857946508334,0.145739284195184,-5.46769493831963,4.6672485314014e-08,"***"
"Alt 3","factor(oficio)85",-0.804602775398955,0.14770638475727,-5.4473120895971,5.23303342195301e-08,"***"
"Alt 3","factor(oficio)86",-0.491821076222633,0.405537076291988,-1.21276476301398,0.225247982354967,""
"Alt 3","factor(oficio)87",-0.866168598298173,0.148053755556913,-5.85036559890042,5.05652660915318e-09,"***"
"Alt 3","factor(oficio)88",-1.8601865212535,0.302207144347801,-6.15533602049019,7.77496987426782e-10,"***"
"Alt 3","factor(oficio)89",-0.899902072523785,0.213469579336602,-4.21559865963293,2.51273946995354e-05,"***"
"Alt 3","factor(oficio)90",-0.971663249511649,0.163216024115322,-5.95323440071737,2.71598451102774e-09,"***"
"Alt 3","factor(oficio)91",-0.851109926360754,0.235456501505313,-3.61472255350549,0.000302124382883523,"***"
"Alt 3","factor(oficio)92",-0.866374428653024,0.170232406507509,-5.08936251579576,3.65700714926804e-07,"***"
"Alt 3","factor(oficio)93",-0.886193748544088,0.153205924919589,-5.78433078883349,7.4953014926495e-09,"***"
"Alt 3","factor(oficio)94",-1.48412063342446,0.186004464574538,-7.97895167096771,1.63505617444561e-15,"***"
"Alt 3","factor(oficio)95",-0.81974465887832,0.142329169961661,-5.75949862631204,8.68153833605845e-09,"***"
"Alt 3","factor(oficio)96",-0.256799260745482,0.40427406675856,-0.635210818256238,0.525305240610882,""
"Alt 3","factor(oficio)97",-1.00885589211672,0.142633795812765,-7.07304945765476,1.61558428250384e-12,"***"
"Alt 3","factor(oficio)98",-0.867363047563887,0.141366812560072,-6.13554929800312,8.80318460785901e-10,"***"
"Alt 3","factor(oficio)99",-1.13830839283524,0.152693654980941,-7.45485064836077,9.73136534616264e-14,"***"
"Alt 3","factor(sizeFirm)2",0.181425293977018,0.0227054638081574,7.99038044366382,1.49124432340332e-15,"***"
"Alt 3","factor(sizeFirm)3",0.305964407146517,0.0293535100613447,10.4234351022108,2.60029665906015e-25,"***"
"Alt 3","factor(sizeFirm)4",0.383805959743307,0.0273340703538915,14.041302841992,2.26184486285332e-44,"***"
"Alt 3","factor(sizeFirm)5",0.499268376731684,0.0256124546353079,19.4931873512592,4.09845222819958e-83,"***"
"Alt 3","factor(estrato1)2",0.024717957725145,0.0180541147054047,1.36910383746179,0.170997098497523,""
"Alt 3","factor(estrato1)3",0.124119862564716,0.019278139342258,6.43837355675937,1.26218315855386e-10,"***"
"Alt 3","factor(estrato1)4",0.50499208491026,0.0291354573972508,17.3325607360436,2.39556741210881e-66,"***"
"Alt 3","factor(estrato1)5",0.727761977399514,0.0475781835753997,15.2961278197221,3.09483808317487e-52,"***"
"Alt 3","factor(estrato1)6",1.09418324435933,0.0408531734408369,26.7833108716491,9.42522595092051e-153,"***"
"Alt 4","(Intercept)",12.1792316312453,0.0997932185312783,122.044682098593,0,"***"
"Alt 4","female",-0.0718301648202081,0.0789994205989148,-0.909249261268567,0.363239980901137,""
"Alt 4","age_spl4_1",0.220194311987825,0.085448509866188,2.5769239549367,0.00998226343808365,"**"
"Alt 4","age_spl4_2",0.453509877628811,0.0570879724122698,7.94405298464127,2.16249530598478e-15,"***"
"Alt 4","age_spl4_3",0.707435820836923,0.101828718173208,6.94731146113015,3.94966435454165e-12,"***"
"Alt 4","age_spl4_4",0.0805842628170404,0.138348870814734,0.582471416951083,0.560262022345511,""
"Alt 4","age_spl4_5",-0.547415658721524,0.251454950839784,-2.17699296392185,0.0295038700775079,"*"
"Alt 4","age_spl4_1_x_female",-0.0802394712889409,0.127578376330466,-0.628942565322328,0.529400697077639,""
"Alt 4","age_spl4_2_x_female",-0.0403482554022127,0.0838408231357029,-0.481248321440093,0.630350311455414,""
"Alt 4","age_spl4_3_x_female",-0.0708253904420324,0.155674380544924,-0.454958549981793,0.649148710854843,""
"Alt 4","age_spl4_4_x_female",-0.71855476778528,0.233925678964379,-3.07172248453619,0.00213386214571082,"**"
"Alt 4","age_spl4_5_x_female",1.4846343530009,0.548041962704074,2.70897933741355,0.0067602844742127,"**"
"Alt 4","totalHoursWorked",0.00884175940866902,0.000486473683052302,18.1752060115417,1.12077670334376e-72,"***"
"Alt 4","formal",0.464199505312891,0.0159299386914311,29.1400685404137,2.07453745645961e-179,"***"
"Alt 4","p6426",0.00114712417626951,8.35514815042037e-05,13.7295492026889,1.6070619166971e-42,"***"
"Alt 4","factor(p6240)2",-0.799632854864982,0.0701137621682195,-11.4047917289971,5.99957061550339e-30,"***"
"Alt 4","factor(p6240)3",-0.764071727584357,0.0610562616519836,-12.5142238799275,1.13807170793928e-35,"***"
"Alt 4","factor(p6240)4",-0.698633430629026,0.0310204512973531,-22.5217042760638,1.14497045718789e-109,"***"
"Alt 4","factor(p6240)6",-0.253556555597691,0.0273027118706397,-9.28686340020153,1.91171572371075e-20,"***"
"Alt 4","factor(maxEducLevel)3",0.285261907592763,0.0845506177399215,3.37385953193425,0.000743973183030388,"***"
"Alt 4","factor(maxEducLevel)4",0.324446913963319,0.08233646179933,3.94050104744674,8.18522065263359e-05,"***"
"Alt 4","factor(maxEducLevel)5",0.40349557280986,0.0820026138631573,4.92052086880056,8.76591610794432e-07,"***"
"Alt 4","factor(maxEducLevel)6",0.490546109453252,0.0810809460970263,6.05007875544811,1.49844965207557e-09,"***"
"Alt 4","factor(maxEducLevel)7",1.01049708899065,0.0813674091455622,12.418941436158,3.69449622963589e-35,"***"
"Alt 4","factor(relab)2",0.367171830541919,0.0330551407959045,11.1078586174835,1.67140500497246e-28,"***"
"Alt 4","factor(relab)3",-0.0714994474557972,0.0341463513504013,-2.09391178349006,0.036292382748712,"*"
"Alt 4","factor(relab)4",-0.127743994776382,0.0168126792348144,-7.59807482152278,3.26877702076282e-14,"***"
"Alt 4","factor(relab)5",0.37952789287414,0.0375285021989693,10.1130572934127,6.26334639978013e-24,"***"
"Alt 4","factor(relab)8",-5.08187048971446e-05,0.626087401073754,-8.11687071325655e-05,0.999935238324026,""
"Alt 4","factor(relab)9",-0.310847261253662,0.281300701260228,-1.10503550066198,0.269170187417535,""
"Alt 5","(Intercept)",12.5138729094105,0.16112439806243,77.6659094457057,0,"***"
"Alt 5","female",-0.139360220613521,0.012795808032849,-10.8910840375035,1.80320501116686e-27,"***"
"Alt 5","age_spl5_1",0.18768800360227,0.0449811622474706,4.17259124096608,3.03664025227416e-05,"***"
"Alt 5","age_spl5_2",0.4610450370343,0.0576379680421004,7.99898144739487,1.39135970531759e-15,"***"
"Alt 5","age_spl5_3",-0.389652718770587,0.105530690774505,-3.69231657549923,0.000223385686426867,"***"
"Alt 5","age_spl5_4",-1.08462362226857,0.182086851242534,-5.95662792160589,2.66043581838454e-09,"***"
"Alt 5","totalHoursWorked",0.036961530004158,0.0014218244760419,25.9958459197806,2.71557883580343e-144,"***"
"Alt 5","hours_squared",-0.000249906683532451,1.27904328744033e-05,-19.5385633923753,1.74401993783376e-83,"***"
"Alt 5","formal_edu_int",0.0550676008531356,0.0104318007118027,5.27882025112223,1.3270327986265e-07,"***"
"Alt 5","potexp_estrato_int",0.00220515502993201,0.000385545706923832,5.71956836849867,1.09815301719651e-08,"***"
"Alt 5","formal",-0.0525490785765039,0.0522113901413106,-1.00646771584283,0.314214624184437,""
"Alt 5","p6426",0.000912919491763987,7.21756930886418e-05,12.6485725691999,2.14255639882262e-36,"***"
"Alt 5","factor(p6240)2",-0.514413960591494,0.0599289889489266,-8.58372499876303,1.05298750522551e-17,"***"
"Alt 5","factor(p6240)3",-0.325985322241454,0.0540174430894219,-6.03481585942172,1.6470693187415e-09,"***"
"Alt 5","factor(p6240)4",-0.372645885231516,0.0281531138481675,-13.2364003229352,1.15166335125396e-39,"***"
"Alt 5","factor(p6240)6",-0.112801287736455,0.0235375695786354,-4.79239317209892,1.67140912163271e-06,"***"
"Alt 5","factor(oficio)2",-0.402716856076661,0.141687364350521,-2.84229195682106,0.00448797883546817,"**"
"Alt 5","factor(oficio)3",-0.905578835134543,0.139231131607513,-6.50414045105466,8.18181471170291e-11,"***"
"Alt 5","factor(oficio)4",0.336010318031688,0.296025103010402,1.13507373062169,0.256371227681962,""
"Alt 5","factor(oficio)5",-0.359061008416917,0.179487550382591,-2.00047862735634,0.0454751917688934,"*"
"Alt 5","factor(oficio)6",-0.345364944037603,0.146683303307461,-2.35449390796502,0.0185668874739741,"*"
"Alt 5","factor(oficio)7",-0.611766550369815,0.153807883402908,-3.97747200491187,7.0135485350655e-05,"***"
"Alt 5","factor(oficio)8",-0.245294645116844,0.144914145107715,-1.69268945370734,0.090545280337023,"."
"Alt 5","factor(oficio)9",-0.299587702306458,0.160854585538115,-1.86247536123532,0.0625649833966173,"."
"Alt 5","factor(oficio)11",-0.393117314185537,0.142155793501947,-2.76539776889327,0.00569561252256287,"**"
"Alt 5","factor(oficio)12",-0.271353243818628,0.142998320703201,-1.89759741571955,0.057777482083451,"."
"Alt 5","factor(oficio)13",-0.565783536988436,0.138849786757764,-4.0747886633452,4.64067268489501e-05,"***"
"Alt 5","factor(oficio)14",-1.05879945742672,0.395575517582156,-2.67660512434726,0.00744917211570366,"**"
"Alt 5","factor(oficio)15",-0.493193770113375,0.163054742252876,-3.02471282527004,0.0024949176471027,"**"
"Alt 5","factor(oficio)16",-0.712679475643364,0.145856609320615,-4.88616511080953,1.04390867576086e-06,"***"
"Alt 5","factor(oficio)17",-0.533497482532327,0.161401352255666,-3.30540900107978,0.000951667771780618,"***"
"Alt 5","factor(oficio)18",-0.776644647812812,0.15907882501975,-4.88213719026646,1.0654142733681e-06,"***"
"Alt 5","factor(oficio)19",-0.645689695738556,0.143009842772083,-4.51500178744761,6.4029760131799e-06,"***"
"Alt 5","factor(oficio)21",-0.366522015774057,0.138253380893526,-2.65108898896532,0.00803572631653471,"**"
"Alt 5","factor(oficio)30",-0.549678704205914,0.149672040477185,-3.6725543558665,0.000241371924218147,"***"
"Alt 5","factor(oficio)31",-0.142811036868762,0.2094615158955,-0.681800837056917,0.495380450040544,""
"Alt 5","factor(oficio)32",-0.936429294822028,0.148549201573234,-6.30383256796148,3.02443132069275e-10,"***"
"Alt 5","factor(oficio)33",-0.879164334644128,0.139186816185734,-6.31643397511841,2.78881730952577e-10,"***"
"Alt 5","factor(oficio)34",-1.0424863672408,0.162487831597062,-6.41578115108311,1.46348894607971e-10,"***"
"Alt 5","factor(oficio)35",-0.919373264951492,0.240490073398497,-3.82291564869737,0.000132671130308838,"***"
"Alt 5","factor(oficio)36",-1.15049634455585,0.165016936815839,-6.97198946214726,3.31937265000127e-12,"***"
"Alt 5","factor(oficio)37",-1.05336496629646,0.144112115140699,-7.30934359868389,2.88681052259432e-13,"***"
"Alt 5","factor(oficio)38",-1.03798499334665,0.142327956517955,-7.29291011225684,3.25981374665386e-13,"***"
"Alt 5","factor(oficio)39",-0.892481243367502,0.137478237573218,-6.49180015049425,8.8780250803847e-11,"***"
"Alt 5","factor(oficio)40",-0.737806715988786,0.168508920382665,-4.37844307775106,1.20727349802143e-05,"***"
"Alt 5","factor(oficio)41",-0.835130863718474,0.139471986787419,-5.9878035937881,2.19901733391995e-09,"***"
"Alt 5","factor(oficio)42",-0.73204764121788,0.160374772314835,-4.56460595797938,5.063150505268e-06,"***"
"Alt 5","factor(oficio)43",-0.386737899302478,0.208799855277255,-1.85219428810881,0.0640269408381769,"."
"Alt 5","factor(oficio)44",-0.670197407349834,0.14245135799406,-4.7047456534446,2.57539472056566e-06,"***"
"Alt 5","factor(oficio)45",-0.973272250964528,0.137413883410377,-7.08277960573982,1.50662631213865e-12,"***"
"Alt 5","factor(oficio)49",-0.446861710651599,0.396367359278808,-1.12739280919767,0.259603085565037,""
"Alt 5","factor(oficio)50",-0.566740568395634,0.175041669999405,-3.23774657998613,0.00120864786499362,"**"
"Alt 5","factor(oficio)51",-0.816912567466833,0.152637107399176,-5.35199193293442,8.88870283147257e-08,"***"
"Alt 5","factor(oficio)52",-1.08347842992374,0.395830351710282,-2.73722928330863,0.00620669694176986,"**"
"Alt 5","factor(oficio)53",-0.976128139984881,0.138847856622135,-7.03019955606045,2.19511475930761e-12,"***"
"Alt 5","factor(oficio)54",-1.23887268674549,0.142565339197036,-8.6898589357212,4.18856026317111e-18,"***"
"Alt 5","factor(oficio)55",-0.95267454354837,0.1391633305968,-6.84572968656929,8.04859881142967e-12,"***"
"Alt 5","factor(oficio)56",-0.931792380699858,0.169100183803091,-5.51029785860484,3.66977700169377e-08,"***"
"Alt 5","factor(oficio)57",-0.996057147860065,0.144251549168404,-6.90500139237488,5.32079381404251e-12,"***"
"Alt 5","factor(oficio)58",-0.94684215760496,0.138783689517151,-6.82243108609638,9.46172248523544e-12,"***"
"Alt 5","factor(oficio)59",-0.996059612885463,0.140024114806364,-7.11348623244567,1.20784986019021e-12,"***"
"Alt 5","factor(oficio)61",-0.879235543983412,0.185025132737278,-4.75197899320985,2.04200195930636e-06,"***"
"Alt 5","factor(oficio)62",-0.895682157056038,0.173769839173633,-5.15441667734445,2.5920901032774e-07,"***"
"Alt 5","factor(oficio)63",-0.693131030054109,0.39624106475287,-1.74926601937739,0.0802752666132637,"."
"Alt 5","factor(oficio)70",-0.671849094761775,0.161089979992142,-4.17064484578461,3.06265038179678e-05,"***"
"Alt 5","factor(oficio)72",-1.18885461264148,0.333813529235651,-3.56143328092081,0.000370524690222636,"***"
"Alt 5","factor(oficio)73",-0.602936059288158,0.543603253079391,-1.10914726111858,0.267392935445606,""
"Alt 5","factor(oficio)74",-1.0326611056049,0.215092750074396,-4.80100377742961,1.60126971534414e-06,"***"
"Alt 5","factor(oficio)75",-1.39171879869194,0.173787655973787,-8.008156798558,1.29201172167659e-15,"***"
"Alt 5","factor(oficio)76",-0.847437162420955,0.39594986651891,-2.14026379114964,0.032357215942447,"*"
"Alt 5","factor(oficio)77",-0.936646044360443,0.144419675673857,-6.48558473760649,9.25029557577599e-11,"***"
"Alt 5","factor(oficio)79",-1.07903660014836,0.139946934097901,-7.71032682569174,1.3725955989781e-14,"***"
"Alt 5","factor(oficio)80",-1.21744530936093,0.149859169013111,-8.12392940237388,5.03823021637718e-16,"***"
"Alt 5","factor(oficio)81",-1.00445171604642,0.149851231797242,-6.70299272151132,2.15040632100611e-11,"***"
"Alt 5","factor(oficio)82",-1.45385574365317,0.543364613378439,-2.67565407804832,0.00747032596975612,"**"
"Alt 5","factor(oficio)83",-0.925359631999119,0.148604861118343,-6.22698090113082,4.94331699785734e-10,"***"
"Alt 5","factor(oficio)84",-0.837277394854088,0.142792221857752,-5.8636064623196,4.6704908929536e-09,"***"
"Alt 5","factor(oficio)85",-0.82909412328971,0.144723742286359,-5.72880517178179,1.04019092727075e-08,"***"
"Alt 5","factor(oficio)86",-0.380686202285538,0.397285659426924,-0.958217829545294,0.337975749377582,""
"Alt 5","factor(oficio)87",-0.911786533320103,0.145058034185849,-6.28566723958161,3.39861907625707e-10,"***"
"Alt 5","factor(oficio)88",-1.74964759301423,0.296068674218435,-5.90960052640814,3.539716055414e-09,"***"
"Alt 5","factor(oficio)89",-0.936086793409794,0.209133832163054,-4.47601798201624,7.68769965688974e-06,"***"
"Alt 5","factor(oficio)90",-0.993391187816228,0.159895100427104,-6.21276815338763,5.41013263941751e-10,"***"
"Alt 5","factor(oficio)91",-0.902758377842581,0.230711310898402,-3.91293506298929,9.17761603846925e-05,"***"
"Alt 5","factor(oficio)92",-0.904813358340677,0.166815922051067,-5.42402276242965,5.96105584533089e-08,"***"
"Alt 5","factor(oficio)93",-0.962621128081476,0.150132069902227,-6.41182878986734,1.50178969003558e-10,"***"
"Alt 5","factor(oficio)94",-1.47194706062222,0.182288384821115,-8.0748263915262,7.52368927470691e-16,"***"
"Alt 5","factor(oficio)95",-0.866995009226375,0.13949273736419,-6.215341569811,5.32253343768733e-10,"***"
"Alt 5","factor(oficio)96",-0.270424588712916,0.395985532334043,-0.682915325514451,0.494675934128428,""
"Alt 5","factor(oficio)97",-1.02354312950474,0.139740106267651,-7.32461965889947,2.57785793286733e-13,"***"
"Alt 5","factor(oficio)98",-0.853485603705235,0.138531915332526,-6.16093123130913,7.50623292249857e-10,"***"
"Alt 5","factor(oficio)99",-1.15303746263972,0.149583945905968,-7.70829687408129,1.39447160563628e-14,"***"
"Alt 5","factor(sizeFirm)2",0.17941409442724,0.0222565838271263,8.06116948678218,8.4079020442967e-16,"***"
"Alt 5","factor(sizeFirm)3",0.27943619684353,0.0288044682177054,9.70114062622294,3.7202895165151e-22,"***"
"Alt 5","factor(sizeFirm)4",0.349706352308827,0.0268495603764801,13.0246584080075,1.80064412690225e-38,"***"
"Alt 5","factor(sizeFirm)5",0.455134494622381,0.0251941358395097,18.0650964780715,7.9511983379168e-72,"***"
"Alt 5","factor(estrato1)2",-0.0127482540871054,0.0190700383275062,-0.668496511027855,0.503831908737849,""
"Alt 5","factor(estrato1)3",0.0494076392416911,0.0236841135655811,2.08610886385433,0.0369936658683744,"*"
"Alt 5","factor(estrato1)4",0.394690026859284,0.0363334209358884,10.8630020706206,2.44490319141409e-27,"***"
"Alt 5","factor(estrato1)5",0.559167317770476,0.0564254501710261,9.90984238629262,4.79945696286952e-23,"***"
"Alt 5","factor(estrato1)6",0.883634700168463,0.05683262150311,15.5480193733472,6.84727832178107e-54,"***"
"Alt 5","factor(maxEducLevel)3",0.205565664786527,0.0712467599350951,2.88526334353723,0.00391909993911318,"**"
"Alt 5","factor(maxEducLevel)4",0.236929931176199,0.0694508349075316,3.41147707571338,0.000648638901402824,"***"
"Alt 5","factor(maxEducLevel)5",0.260516747822471,0.0694396806520744,3.75169852994835,0.000176618455854102,"***"
"Alt 5","factor(maxEducLevel)6",0.288261339714227,0.0692100573116401,4.16502096532357,3.13899865374709e-05,"***"
"Alt 5","factor(maxEducLevel)7",0.423138232887114,0.0715354381800997,5.91508549681081,3.42414223716524e-09,"***"
"Alt 5","factor(relab)2",0.299786096383816,0.0299660232094276,10.0042002333329,1.87547967622818e-23,"***"
"Alt 5","factor(relab)3",0.386236052200003,0.0485839512525608,7.94986908726666,2.06561195726173e-15,"***"
"Alt 5","factor(relab)4",0.0417433657181812,0.0197046683296645,2.11845056307486,0.0341611547733527,"*"
"Alt 5","factor(relab)5",0.315960961237194,0.0337726316842152,9.35553273406494,1.00772368021132e-20,"***"
"Alt 5","factor(relab)8",0.0942274620671724,0.537200771369045,0.175404554664052,0.860765260499426,""
"Alt 5","factor(relab)9",-0.12279962987849,0.237307811798502,-0.517469816723771,0.604839509430786,""
